italian_original,italian,function,english
questo,questo,agg. – pron.,this
destra,la destra,sostantivo,right
ballare,ballare,verbo intransitivo,to dance
bello,bello/a/i/e,aggettivo,beautiful
le,le,articolo,the
chiamare/si,chiamare,verbo transitivo - verbo intransitivo pronominale,to call
grande,grande/i,aggettivo,big
rosso,rosso/a/i/e,aggettivo,red
trovare,trovare,verbo transitivo,to find
estero,l'estero,sostantivo,abroad
adesso,adesso,avverbio,now
parco,il parco,sostantivo,park
forchetta,la forchetta,sostantivo,fork
papà,il papà,sostantivo,dad
prenotare,prenotare,verbo transitivo,to book
fabbrica,la fabbrica,sostantivo,factory
salute,salute,interiezione,cheers
giardino,il giardino,sostantivo,garden
male,male,avverbio,badly
giorno,il giorno,sostantivo,day
stretto,stretto/a/i/e,aggettivo,narrow
incontrare,incontrare,verbo transitivo,to meet
affetto,l'affetto,sostantivo,affection
luglio,il luglio,sostantivo,July
animale,l'animale,sostantivo,animal
bici(cletta),la bicicletta,sostantivo,bicycle
chiesa,la chiesa,sostantivo,church
gli,gli,articolo,the
musica,la musica,sostantivo,music
quaderno,il quaderno,sostantivo,notebook
i,i,articolo,the
buonasera,buonasera,interiezione,good evening
spesso,spesso,avverbio,often
sempre,sempre,avverbio,always
dietro,dietro,avverbio,behind
dormire,dormire,verbo intransitivo,to sleep
teatro,il teatro,sostantivo,theatre
sigaretta,la sigaretta,sostantivo,cigarette
gennaio,il gennaio,sostantivo,January
internazionale,internazionale/i,aggettivo,international
menù,il menù,sostantivo,menu
informazione,l'informazione,sostantivo,information
fax,il fax,sostantivo,fax
straniero,straniero/a/i/e,aggettivo,foreign
stazione,la stazione,sostantivo,station
figlio/a,il figlio,sostantivo,son
domani,domani,avverbio,tomorrow
cercare,cercare,verbo transitivo,to search
parcheggio,il parcheggio,sostantivo,parking lot
meno,meno,avverbio,less
stanco,stanco/a/i/e,aggettivo,tired
pianta,la pianta,sostantivo,plant
capello,il capello,sostantivo,hair
avanti,avanti,avverbio,forward
moto(cicletta),la motocicletta,sostantivo,motorcycle
birra,la birra,sostantivo,beer
falso,falso/a/i/e,aggettivo,false
centro,il centro,sostantivo,center
lontano,lontano,avverbio,far
niente,niente,pron. - avv.,nothing
davanti,davanti,avverbio,in front
sapere,sapere,verbo transitivo,to know
famiglia,la famiglia,sostantivo,family
tuo,tuo/a/tuoi/tue,aggettivo,your
check-in,il check-in,sostantivo,check-in
cibo,il cibo,sostantivo,food
mio,mio/mia/miei/mie,aggettivo,my
come,come,avverbio,how
lavorare,lavorare,verbo intransitivo,to work
troppo,troppo,agg. – avv.,too much
hobby,l'hobby,sostantivo,hobby
fuori,fuori,avverbio,outside
frutta,la frutta,sostantivo,fruit
parola,la parola,sostantivo,word
ufficio,l'ufficio,sostantivo,office
momento,il momento,sostantivo,moment
albergo,l'albergo,sostantivo,hotel
aeroporto,l'aeroporto,sostantivo,airport
medicina,la medicina,sostantivo,medicine
libro,il libro,sostantivo,book
cosa,la cosa,sostantivo,thing
chi,chi,pronome,who
piano,piano,avv.  – s.m.,slowly
freddo,freddo/a/i/e,aggettivo,cold
radio,la radio,sostantivo,radio
aprire,aprire,verbo transitivo,to open
cappuccino,il cappuccino,sostantivo,cappuccino
valigia,la valigia,sostantivo,suitcase
orologio,l'orologio,sostantivo,clock
grazie,grazie,interiezione,thank you
telefono,il telefono,sostantivo,telephone
chiave,la chiave,sostantivo,key
euro,l'euro,sostantivo,euro
portare,portare,verbo transitivo,to carry
spaghetto,lo spaghetto,sostantivo,spaghetti
la,la,articolo,the
malato,malato/a/i/e,aggettivo,sick
loro,loro,pronome,they
pizzeria,la pizzeria,sostantivo,pizzeria
cellulare,il cellulare,sostantivo,mobile phone
ottobre,l'ottobre,sostantivo,October
nero,nero/a/i/e,aggettivo,black
ritornare,ritornare,verbo intransitivo,return
risposta,la risposta,sostantivo,answer
nuovo,nuovo/a/i/e,aggettivo,new
avere,avere,verbo transitivo,to have
latte,il latte,sostantivo,milk
camicia,la camicia,sostantivo,shirt
colazione,la colazione,sostantivo,breakfast
piazza,la piazza,sostantivo,square
doppio,doppio/a/i/e,aggettivo,double
riso,il riso,sostantivo,rice
oggi,oggi,avverbio,today
aspettare,aspettare,verbo transitivo,to wait
francobollo,il francobollo,sostantivo,stamp
agenzia,l'agenzia,sostantivo,agency
maschio,il maschio,sostantivo,male
verdura,la verdura,sostantivo,vegetable
primavera,la primavera,sostantivo,spring
donna,la donna,sostantivo,woman
partire,partire,verbo intransitivo,to leave
indirizzo,l'indirizzo,sostantivo,address
cameriere/a,il cameriere,sostantivo,waiter
stop,lo stop,sostantivo,stop sign
qua,qua,avverbio,here
cantare,cantare,verbo transitivo,to sing
tavolo,il tavolo,sostantivo,table
magro,magro/a/i/e,aggettivo,thin
aceto,l'aceto,sostantivo,vinegar
più,più,avverbio,more
importante,importante/i,aggettivo,important
mare,il mare,sostantivo,sea
cappotto,il cappotto,sostantivo,coat
lunedì,il lunedì,sostantivo,Monday
o,o,congiunzione,or
fratello,il fratello,sostantivo,brother
mercato,il mercato,sostantivo,market
presto,presto,avverbio,soon
supermercato,il supermercato,sostantivo,supermarket
cambiare,cambiare,verbo transitivo,to change
favore,il favore,sostantivo,favor
difficile,difficile/i,aggettivo,difficult
segreteria,la segreteria,sostantivo,secretariat
estate,l'estate,sostantivo,summer
mattina,la mattina,sostantivo,morning
via,la via,sostantivo,street
dottore/ssa,il dottore,sostantivo,doctor
uscire,uscire,verbo intransitivo,to go out
insegnare,insegnare,verbo transitivo,to teach
giornale,il giornale,sostantivo,newspaper
esercizio,l'esercizio,sostantivo,exercise
amico/a,l'amico,sostantivo,friend
suonare,suonare,verbo transitivo,to play
andare,andare,verbo intransitivo,to go
di,di,preposizione,of
farmacia,la farmacia,sostantivo,pharmacy
Natale,il Natale,sostantivo,Christmas
turista,il turista,sostantivo,tourist
Pasqua,la Pasqua,sostantivo,Easter
negozio,il negozio,sostantivo,shop
e-mail,l'e-mail,sostantivo,email
pepe,il pepe,sostantivo,pepper
viaggiare,viaggiare,verbo intransitivo,to travel
padre,il padre,sostantivo,father
studente/ssa,lo studente/la studentessa,sostantivo,student
sporco,sporco/a/i/e,aggettivo,dirty
simpatico,simpatico/a/i/e,aggettivo,nice
alto,alto/a/i/e,aggettivo,tall
borsa,la borsa,sostantivo,bag
capire,capire,verbo transitivo,understand
in,in,preposizione,in
bacio,il bacio,sostantivo,kiss
giallo,giallo/a/i/e,aggettivo,yellow
festa,la festa,sostantivo,party
si,si,pronome,himself
industria,l'industria,sostantivo,industry
prendere,prendere,verbo transitivo,to take
sinistra,la sinistra,sostantivo,left
camera,la camera,sostantivo,room
ciao,ciao,interiezione,hello
pomodoro,il pomodoro,sostantivo,tomato
chiudere,chiudere,verbo transitivo,close
singolo,singolo/a/i/e,aggettivo,single
minuto,il minuto,sostantivo,minute
scuola,la scuola,sostantivo,school
macchina,la macchina,sostantivo,car
nazionalità,la nazionalità,sostantivo,nationality
madre,la madre,sostantivo,mother
lettera,la lettera,sostantivo,letter
bambino/a,il bambino,sostantivo,child
noi,noi,pronome,we
soldo,il soldo,sostantivo,penny
pizza,la pizza,sostantivo,pizza
lungo,lungo/a/hi/he,aggettivo,long
qui,qui,avverbio,here
volere,volere,verbo intransitivo,to want
interessante,interessante/i,aggettivo,interesting
vivere,vivere,verbo intransitivo,to live
comprare,comprare,verbo transitivo,to buy
anche,anche,congiunzione,also
indietro,indietro,avverbio,backwards
corso,il corso,sostantivo,course
maglietta,la maglietta,sostantivo,t-shirt
soggiorno,il soggiorno,sostantivo,living room
largo,largo/a/i/e,aggettivo,wide
ricco,ricco/a/chi/che,aggettivo,rich
visitare,visitare,verbo transitivo,to visit
quando,quando,avverbio,when
pacco,il pacco,sostantivo,package
studiare,studiare,verbo transitivo,to study
sport,lo sport,sostantivo,sport
arrivare,arrivare,verbo intransitivo,to arrive
sale,il sale,sostantivo,salt
cena,la cena,sostantivo,dinner
pagare,pagare,verbo transitivo,to pay
città,la città,sostantivo,city
vedersi,vedersi,v. rifl. recip.,to see each other
aprile,l'aprile,sostantivo,April
nome,il nome,sostantivo,name
femmina,la femmina,sostantivo,female
svegliarsi,svegliarsi,verbo intransitivo pronominale,to wake up
uomo,l'uomo,sostantivo,man
sete,la sete,sostantivo,thirst
io,io,pronome,I
significare,significare,verbo transitivo,to mean
cognome,il cognome,sostantivo,surname
notte,la notte,sostantivo,night
certo,certo,avverbio,certainly
tardi,tardi,avverbio,late
fermata,la fermata,sostantivo,stop
mercoledì,il mercoledì,sostantivo,Wednesday
piccolo,piccolo/a/i/e,aggettivo,small
bianco,bianco/a/i/e,aggettivo,white
classe,la classe,sostantivo,class
imparare,imparare,verbo transitivo,to learn
lingua,la lingua,sostantivo,language
guardare,guardare,verbo transitivo,to look
busta,la busta,sostantivo,envelope
costare,costare,verbo transitivo,to cost
dovere,dovere,verbo intransitivo,must
dove,dove,avverbio,where
lago,il lago,sostantivo,lake
pasta,la pasta,sostantivo,pasta
nessuno,nessuno,pronome,nobody
quale,quale,pronome,which
vicino,vicino,avverbio,nearby
olio,l'olio,sostantivo,oil
cucina,la cucina,sostantivo,kitchen
film,il film,sostantivo,film
ripetere,ripetere,verbo transitivo,repeat
buongiorno,buongiorno,interiezione,good morning
dicembre,il dicembre,sostantivo,December
amore,l'amore,sostantivo,love
molto,molto/a/i/e,aggettivo - avverbio,much/many
inverno,l'inverno,sostantivo,winter
quasi,quasi,avverbio,almost
augurio,l'augurio,sostantivo,wish
matita,la matita,sostantivo,pencil
ascoltare,ascoltare,verbo transitivo,to listen
scarpa,la scarpa,sostantivo,shoe
ti,ti,pronome,you
poco,poco,po’,little
quello,quello,agg. – pron.,that
aiuto,aiuto,interiezione,help
finire,finire,verbo intransitivo,to finish
perché,perché,avv. - cong.,why
con,con,preposizione,with
pranzare,pranzare,v.int,to have lunch
buono,buono/a/i/e,aggettivo,good
leggere,leggere,verbo transitivo,to read
me,me,pronome,me
là,là,avverbio,there
verde,verde/i,aggettivo,green
pomeriggio,il pomeriggio,sostantivo,afternoon
fame,la fame,sostantivo,hunger
cinema,il cinema,sostantivo,cinema
sonno,il sonno,sostantivo,sleep
vestito,il vestito,sostantivo,dress
saluto,il saluto,sostantivo,greeting
prego,prego,interiezione,you're welcome
cd,il cd,sostantivo,CD
lui,lui,pronome,he
calza,la calza,sostantivo,stocking
caldo,caldo/a/i/e,aggettivo,hot
mettere,mettere,verbo transitivo,to put
sole,il sole,sostantivo,sun
maggio,il maggio,sostantivo,May
banca,la banca,sostantivo,bank
signore/a,il signore,sostantivo,gentleman
cucchiaio,il cucchiaio,sostantivo,spoon
arte,l'arte,sostantivo,art
credito,il credito,sostantivo,credit
facile,facile/i,aggettivo,easy
sedia,la sedia,sostantivo,chair
pantalone,il pantalone,sostantivo,trousers
agosto,agosto,sostantivo,August
maglione,il maglione,sostantivo,sweater
febbraio,il febbraio,sostantivo,February
a,a,preposizione,to
metà,la metà,sostantivo,half
mi,mi,pronome,me
casa,la casa,sostantivo,house
giornata,la giornata,sostantivo,day
tanto,tanto,agg. – avv.,much
un/o/a,un,articolo,a
uovo,l'uovo,sostantivo,egg
essere,essere,verbo intransitivo,to be
blu,blu,aggettivo,blue
martedì,il martedì,sostantivo,Tuesday
che,che,pronome,that
mangiare,mangiare,verbo transitivo,to eat
posta,la posta,sostantivo,mail
abitare,abitare,verbo intransitivo,to live
settimana,la settimana,sostantivo,week
carta,la carta,sostantivo,paper
italiano,l'italiano,sostantivo,Italian
spesa,la spesa,sostantivo,grocery shopping
zaino,lo zaino,sostantivo,backpack
te,te,pronome,you
secondo,il secondo,sostantivo,second course
sposare,sposare,verbo transitivo,to marry
buonanotte,buonanotte,interiezione,goodnight
aereo(aeroplano),l'aereo,sostantivo,airplane
morire,morire,verbo intransitivo,to die
dentro,dentro,avverbio,inside
mese,il mese,sostantivo,month
lo,lo,articolo,the
tornare,tornare,verbo intransitivo,to return
giù,giù,avverbio,down
gonna,la gonna,sostantivo,skirt
attento,attento/a/i/e,aggettivo,attentive
occhiale,l'occhiale,sostantivo,eyeglass
tè,il tè,sostantivo,tea
telefonare,telefonare,verbo intransitivo,to call
spedire,spedire,verbo transitivo,to send
carne,la carne,sostantivo,meat
bottiglia,la bottiglia,sostantivo,bottle
appuntamento,l'appuntamento,sostantivo,appointment
bene,bene,avverbio,well
mai,mai,avverbio,never
marzo,il marzo,sostantivo,March
campagna,la campagna,sostantivo,countryside
sabato,il sabato,sostantivo,Saturday
treno,il treno,sostantivo,train
ieri,ieri,avverbio,yesterday
non,non,avverbio,not
internet,l'internet,sostantivo,internet
nonno/a,il nonno,sostantivo,grandfather
dire,dire,verbo transitivo,to say
mezzogiorno,il mezzogiorno,sostantivo,noon
università,l'università,sostantivo,university
data,i dati,sostantivo,data
vino,il vino,sostantivo,wine
strada,la strada,sostantivo,street
canzone,la canzone,sostantivo,song
letto,il letto,sostantivo,bed
per,per,preposizione,for
hotel,l'hotel,sostantivo,hotel
mamma,la mamma,sostantivo,mom
piatto,il piatto,sostantivo,plate
quadro,il quadro,sostantivo,painting
quarto,il quarto,sostantivo,quarter
nazione,la nazione,sostantivo,nation
coltello,il coltello,sostantivo,knife
attenzione,l'attenzione,sostantivo,attention
domanda,la domanda,sostantivo,question
il,il,articolo,the
fare,fare,verbo transitivo,to do
venerdì,il venerdì,sostantivo,Friday
conto,il conto,sostantivo,bill
arrivederci,arrivederci,interiezione,goodbye
felice,felice/i,aggettivo,happy
potere,potere,verbo intransitivo,to be able to
tu,tu,pronome,you
museo,il museo,sostantivo,museum
pranzo,il pranzo,sostantivo,lunch
zucchero,lo zucchero,sostantivo,sugar
domandare,domandare,verbo transitivo,to ask
sì,sì,avverbio,yes
lì,lì,avverbio,there
sera,la sera,sostantivo,evening
visto,il visto,sostantivo,visa
stare,stare,verbo intransitivo,to stay
mezzanotte,la mezzanotte,sostantivo,midnight
cenare,cenare,verbo intransitivo,to dine
settembre,il settembre,sostantivo,September
ospedale,l'ospedale,sostantivo,hospital
autunno,l'autunno,sostantivo,autumn
pesce,il pesce,sostantivo,fish
posto,il posto,sostantivo,place
tutto,tutto/a/i/e,aggettivo,all
documento,il documento,sostantivo,document
polizia,la polizia,sostantivo,police
colore,il colore,sostantivo,color
fumare,fumare,verbo transitivo,to smoke
giocare,giocare,verbo intransitivo,to play
castano,castano/a/i/e,aggettivo,brown
giacca,la giacca,sostantivo,jacket
passaporto,il passaporto,sostantivo,passport
lei,lei,pronome,she
taxi,il taxi,sostantivo,taxi
su,su,avverbio,up
biglietto,il biglietto,sostantivo,ticket
vacanza,la vacanza,sostantivo,holiday
spiaggia,la spiaggia,sostantivo,beach
e,e,congiunzione,and
senza,senza,prep.- avv.,without
consolato,il consolato,sostantivo,consulate
piovere,piovere,verbo intransitivo,to rain
appartamento,l'appartamento,sostantivo,apartment
autobus,l'autobus,sostantivo,bus
pulire,pulire,verbo transitivo,to clean
ci,ci,part. pron. luogo,there
no,no,avverbio,no
gentile,gentile/i,aggettivo,kind
pane,il pane,sostantivo,bread
parlare,parlare,verbo transitivo - verbo intransitivo,to speak
entrare,entrare,verbo intransitivo,to enter
montagna,la montagna,sostantivo,mountain
bagno,il bagno,sostantivo,bathroom
giovane,giovane/i,aggettivo,young
caffè,il caffè,sostantivo,coffee
mezzo,mezzo/a/i/e,aggettivo,half
lezione,la lezione,sostantivo,lesson
ragazzo/a,il ragazzo,sostantivo,boy
anno,l'anno,sostantivo,year
sorella,la sorella,sostantivo,sister
doccia,la doccia,sostantivo,shower
ora,l'ora,sostantivo - avverbio,hour
fotografia,la fotografia,sostantivo,photograph
gatto,il gatto,sostantivo,cat
bicchiere,il bicchiere,sostantivo,glass
giovedì,il giovedì,sostantivo,Thursday
vecchio,vecchio/a/i/e,aggettivo,old
viaggio,il viaggio,sostantivo,trip
finestra,la finestra,sostantivo,window
scusare,scusare,verbo transitivo,to excuse
cominciare,cominciare,verbo intransitivo,to begin
caro,caro/a/i/e,aggettivo,dear
triste,triste/i,aggettivo,sad
fiore,il fiore,sostantivo,flower
venire,venire,verbo intransitivo,to come
prezzo,il prezzo,sostantivo,price
cartolina,la cartolina,sostantivo,postcard
sopra,sopra,avverbio,above
scrivere,scrivere,verbo transitivo,to write
acqua,l'acqua,sostantivo,water
televisione,la televisione,sostantivo,television
sotto,sotto,avverbio,under
dopo,dopo,avverbio,after
novembre,il novembre,sostantivo,November
lavoro,il lavoro,sostantivo,work
compleanno,il compleanno,sostantivo,birthday
insegnante,insegnante,s.m – s.f.,teacher
vero,vero/a/i/e,aggettivo,true
professore/ssa,il professore / la professoressa,sostantivo,teacher
piacere,piacere,v.int. - s.m.,pleasure
quanto,quanto,agg. – pron. – avv.,how much
cin cin,cin cin,interiezione,cheers
nascere,nascere,verbo intransitivo,to be born
alfabeto,l'alfabeto,sostantivo,alphabet
ombrello,l'ombrello,sostantivo,umbrella
marito,il marito,sostantivo,husband
corto,corto/a/i/e,aggettivo,short
compagno/a,il compagno / la compagna,sostantivo,companion
bere,bere,verbo transitivo,to drink
amare,amare,verbo transitivo,to love
ambasciata,l'ambasciata,sostantivo,embassy
intelligente,intelligente/i,aggettivo,intelligent
numero,il numero,sostantivo,number
bar,il bar,sostantivo,bar
moglie,la moglie,sostantivo,wife
tv,tv,s.f,TV
voi,voi,pronome,you
porta,la porta,sostantivo,door
biondo,biondo/a/i/e,aggettivo,blond
rispondere,rispondere,verbo intransitivo,to answer
cane,il cane,sostantivo,dog
computer,il computer,sostantivo,computer
dare,dare,verbo transitivo,to give
domenica,la domenica,sostantivo,Sunday
ristorante,il ristorante,sostantivo,restaurant
albero,l'albero,sostantivo,tree
bravo,bravo/a/i/e,aggettivo - interiezione,good
penna,la penna,sostantivo,pen
