italian,function
a,preposizione
abbastanza,avverbio
abbonamento,sostantivo
abbracciare,verbo transitivo
abbraccio,sostantivo
abitante,sostantivo
abitare,verbo intransitivo
accanto,avverbio
accendere,verbo transitivo
accendino,sostantivo
accento,sostantivo
accomodarsi,verbo intransitivo pronominale
accompagnare,verbo transitivo
acconto,sostantivo
accordo,sostantivo
aceto,sostantivo
acido,aggettivo
acqua,sostantivo
acquistare,verbo transitivo
addio,interiezione
addormentarsi,verbo intransitivo pronominale
adesso,avverbio
adulto/a,aggettivo - sostantivo
aereo(aeroplano),sostantivo
aeroporto,sostantivo
affetto,sostantivo
affettuoso,aggettivo
affittare,verbo transitivo
affitto,sostantivo
agenzia,sostantivo
aggiungere,verbo transitivo
aggiustare,verbo transitivo
aglio,sostantivo
agosto,sostantivo
aiutare,verbo transitivo
aiuto,interiezione - sostantivo
alba,sostantivo
albergo,sostantivo
albero,sostantivo
alcuno,aggettivo
alfabeto,sostantivo
alimentari,sostantivo plurale
allegro,aggettivo
allergico,aggettivo
alloggio,sostantivo
allora,avverbio
almeno,avverbio
alto,aggettivo
altro,pronome - aggettivo
alzarsi,verbo riflessivo
amare,verbo transitivo
amaro,aggettivo
ambasciata,sostantivo
ambulanza,sostantivo
ambulatorio,sostantivo
amicizia,sostantivo
amico/a,sostantivo
ammalarsi,verbo intransitivo pronominale
ammobiliato,aggettivo
amore,sostantivo
analisi,sostantivo
anche,congiunzione
ancora,avverbio
andare,verbo intransitivo
anello,sostantivo
angolo,sostantivo
animale,sostantivo
anno,sostantivo
annoiarsi,verbo intransitivo pronominale
annuncio,sostantivo
ansia,sostantivo
ansioso,aggettivo
anticipo,sostantivo
antico,aggettivo
antipasto,sostantivo
antipatico,aggettivo
anziano/a,aggettivo - sostantivo
aperitivo,sostantivo
appartamento,sostantivo
appassionato,aggettivo
appena,avverbio
appetito,sostantivo
appuntamento,sostantivo
appunto,sostantivo
aprile,sostantivo
aprire,verbo transitivo
arancia,sostantivo
arancione,aggettivo
argento,sostantivo
aria,sostantivo
armadio,sostantivo
arrabbiarsi,verbo intransitivo pronominale
arrivare,verbo intransitivo
arrivederci,interiezione
arrivo,sostantivo
arrosto,sostantivo
arte,sostantivo
articolo,sostantivo
ascensore,sostantivo
asciugamano,sostantivo
asciugare/si,verbo transitivo - verbo riflessivo - verbo transitivo pronominale
ascoltare,verbo transitivo
asilo,sostantivo
aspettare,verbo transitivo
aspro,aggettivo
assegno,sostantivo
assolutamente,avverbio
attendere,verbo transitivo
attentamente,avverbio
attento,aggettivo
attenzione,sostantivo
attesa,sostantivo
attore/trice,sostantivo
attraversare,verbo transitivo
augurio,sostantivo
aula,sostantivo
auto(mobile),sostantivo
autobus,sostantivo
autostrada,sostantivo
autunno,sostantivo
avanti,avverbio
avaro,aggettivo
avere,verbo transitivo
avverbio,sostantivo
azzurro,aggettivo
baciare,verbo transitivo
bacio,sostantivo
baffo,sostantivo
bagaglio,sostantivo
bagnare/si,verbo transitivo - verbo riflessivo
bagno,sostantivo
balcone,sostantivo
ballare,verbo intransitivo
bambino/a,sostantivo
bambola,sostantivo
banana,sostantivo
banca,sostantivo
banco,sostantivo
bancomat,sostantivo
banconota,sostantivo
bar,sostantivo
barba,sostantivo
barca,sostantivo
basso,aggettivo
basta,interiezione
beh,interiezione
bello,aggettivo
bene,avverbio
benvenuto,aggettivo
benzina,sostantivo
bere,verbo transitivo
bianco,aggettivo
bibita,sostantivo
biblioteca,sostantivo
bicchiere,sostantivo
bicicletta,sostantivo
biglietteria,sostantivo
biglietto,sostantivo
bilancia,sostantivo
bilocale,sostantivo
binario,sostantivo
biondo,aggettivo
birra,sostantivo
bisognare,verbo intransitivo
bisogno,sostantivo
bistecca,sostantivo
blu,aggettivo
bocca,sostantivo
bocciare,verbo transitivo
bollente,aggettivo
bollire,verbo intransitivo
borsa,sostantivo
bosco,sostantivo
bottiglia,sostantivo
braccio,sostantivo
breve,aggettivo
bruciarsi,verbo transitivo pronominale
brutto,aggettivo
buio,sostantivo
buonanotte,interiezione
buonasera,interiezione
buongiorno,interiezione
buono,aggettivo
burro,sostantivo
busta,sostantivo
buttare,verbo transitivo
cadere,verbo intransitivo
caffè,sostantivo
calcio,sostantivo
caldo,aggettivo - sostantivo
calma,sostantivo
calmarsi,verbo intransitivo pronominale
calmo,aggettivo
calza,sostantivo
cambiare,verbo transitivo - verbo intransitivo
camera,sostantivo
cameriere/a,sostantivo
camicia,sostantivo
camion,sostantivo
camminare,verbo intransitivo
campagna,sostantivo
campeggio,sostantivo
camper,sostantivo
campo,sostantivo
canale,sostantivo
cane,sostantivo
canguro,sostantivo
cantante,sostantivo
cantare,verbo transitivo
cantina,sostantivo
canzone,sostantivo
capace,aggettivo
capello,sostantivo
capire,verbo transitivo
capo,sostantivo
capodanno,sostantivo
cappello,sostantivo
cappotto,sostantivo
cappuccino,sostantivo
caricare,verbo transitivo
carne,sostantivo
carnevale,sostantivo
caro,aggettivo
carota,sostantivo
carta,sostantivo
cartolina,sostantivo
cartone,sostantivo
casa,sostantivo
casalingo/a,sostantivo
cassa,sostantivo
cassettiera,sostantivo
castano,aggettivo
cattivo,aggettivo
causa,sostantivo
cavallo,sostantivo
cd,sostantivo
cellulare,sostantivo
cena,sostantivo
cenare,verbo intransitivo
centimetro,sostantivo
centro,sostantivo
cercare,verbo transitivo
cerotto,sostantivo
certamente,avverbio
cervello,sostantivo
che,pronome - congiunzione
check-in,sostantivo
chi,pronome
chiacchierare,verbo intransitivo
chiamare/si,verbo transitivo - verbo intransitivo pronominale
chiaro,aggettivo
chiave,sostantivo
chiedere,verbo transitivo
chiesa,sostantivo
chilo,sostantivo
chilometro,sostantivo
chiudere,verbo transitivo
ci,particella pronominale - pronome
ciao,interiezione
cibo,sostantivo
cielo,sostantivo
cimitero,sostantivo
cin cin,interiezione
cinema,sostantivo
cioccolato,sostantivo
cioè,congiunzione
cipolla,sostantivo
circa,avverbio
città,sostantivo
classe,sostantivo
classico,aggettivo
cliccare,verbo transitivo
cliente,sostantivo
clima,sostantivo
clinica,sostantivo
cognato/a,sostantivo
cognome,sostantivo
coincidenza,sostantivo
colazione,sostantivo
collana,sostantivo
collega,sostantivo
collegio,sostantivo
collezionare,verbo transitivo
collezione,sostantivo
collina,sostantivo
colloquio,sostantivo
colorare,verbo transitivo
colore,sostantivo
colpa,sostantivo
coltello,sostantivo
come,avverbio
cominciare,verbo transitivo - verbo intransitivo
commedia,sostantivo
commesso/a,sostantivo
comodino,sostantivo
comodo,aggettivo
compagnia,sostantivo
compagno/a,sostantivo
compilare,verbo transitivo
compito,sostantivo
compleanno,sostantivo
complemento,sostantivo
completo,aggettivo
complicare,verbo transitivo
complimento,sostantivo
comportarsi,verbo intransitivo pronominale
comprare,verbo transitivo
computer,sostantivo
Comune,sostantivo
comunicare,verbo transitivo
comunicazione,sostantivo
comunque,congiunzione
con,preposizione
concerto,sostantivo
concorso,sostantivo
condizionare,verbo transitivo
condoglianza,sostantivo
condominio,sostantivo
confine,sostantivo
confuso,aggettivo
congratulazione,sostantivo
connettersi,verbo riflessivo
conoscenza,sostantivo
conoscere,verbo transitivo
consegnare,verbo transitivo
consigliare,verbo transitivo
consiglio,sostantivo
consolato,sostantivo
contante,sostantivo
contattare,verbo transitivo
contemporaneo,aggettivo
contento,aggettivo
continuare,verbo transitivo
conto,sostantivo
contorno,sostantivo
conversazione,sostantivo
coperta,sostantivo
copia,sostantivo
coppia,sostantivo
coraggio,interiezione
cordiale,aggettivo
cordialmente,avverbio
corpo,sostantivo
correggere,verbo transitivo
corrente,aggettivo
correre,verbo intransitivo
corso,sostantivo
corto,aggettivo
cosa,sostantivo
così,avverbio
costare,verbo transitivo
costo,sostantivo
costoso,aggettivo
costruire,verbo transitivo
costruzione,sostantivo
cotone,sostantivo
credere,verbo transitivo
credito,sostantivo
crema,sostantivo
crepare,verbo intransitivo
crociera,sostantivo
crudo,aggettivo
cucchiaio,sostantivo
cucina,sostantivo
cucinare,verbo transitivo
cugino/a,sostantivo
cui,pronome
cultura,sostantivo
cuocere,verbo transitivo
cuore,sostantivo
curioso,aggettivo
curriculum vitae,loc.sost.m.
cuscino,sostantivo
da,preposizione
dappertutto,avverbio
dare,verbo transitivo
data,sostantivo
davanti,avverbio - preposizione
davvero,avverbio
debole,aggettivo
decidere,verbo transitivo
denaro,sostantivo
dente,sostantivo
dentifricio,sostantivo
dentista,sostantivo
dentro,avverbio - preposizione
deprimere,verbo transitivo
descrivere,verbo transitivo
destra,sostantivo
dettato,sostantivo
di,preposizione
dialetto,sostantivo
dialogo,sostantivo
diario,sostantivo
dicembre,sostantivo
dieta,sostantivo
dietro,avv.- prep.
differente,aggettivo
difficile,aggettivo
dimenticare/si,verbo transitivo - verbo intransitivo pronominale
dipendere,verbo intransitivo
dipingere,verbo transitivo
dipinto,sostantivo
diploma,sostantivo
diplomarsi,verbo intransitivo pronominale
dire,verbo transitivo
direttamente,avverbio
direttore/trice,sostantivo
direzione,sostantivo
discesa,sostantivo
discoteca,sostantivo
disegnare,verbo transitivo
disoccupato/a,aggettivo - sostantivo
dispensa,sostantivo
disperare,v.int
dispiacere,verbo intransitivo
distinto,aggettivo
distributore,sostantivo
dito,sostantivo
ditta,sostantivo
divano,sostantivo
diventare,verbo intransitivo
diverso,aggettivo
divertente,aggettivo
divertimento,sostantivo
divertirsi,verbo riflessivo
divorziare,verbo intransitivo
dizionario,sostantivo
doccia,sostantivo
documentario,sostantivo
documento,sostantivo
dogana,sostantivo
dolce,aggettivo - sostantivo
dolore,sostantivo
domanda,sostantivo
domandare,verbo transitivo
domani,avverbio
domenica,sostantivo
donna,sostantivo
dopo,avv. - prep
dopodomani,avverbio
doppio,aggettivo
dormire,verbo intransitivo
dottore/ssa,sostantivo
dove,avverbio
dovere,verbo intransitivo
dritto,avverbio
dunque,congiunzione
duomo,sostantivo
durante,preposizione
durare,verbo intransitivo
duro,aggettivo
e,congiunzione
eccezionale,aggettivo
ecco,locuzione
economia,sostantivo
egoista,aggettivo
egregio,aggettivo
eh,interiezione
elegante,aggettivo
elementare,aggettivo
elettricista,sostantivo
elicottero,sostantivo
e-mail,sostantivo
emergenza,sostantivo
emozione,sostantivo
entrare,verbo intransitivo
entrata,sostantivo
erba,sostantivo
errore,sostantivo
esame,sostantivo
esempio,sostantivo
esercizio,sostantivo
esperienza,sostantivo
esprimere,verbo transitivo
essere,verbo intransitivo
est,sostantivo
estate,sostantivo
estero,sostantivo
estroverso,aggettivo
età,sostantivo
etto,sostantivo
euro,sostantivo
fabbrica,sostantivo
faccia,sostantivo
facile,aggettivo
facoltà,sostantivo
falso,aggettivo
fame,sostantivo
famiglia,sostantivo
famoso,aggettivo
fantastico,aggettivo
fare,verbo transitivo
farina,sostantivo
farmacia,sostantivo
fattoria,sostantivo
favola,sostantivo
favore,sostantivo
fax,sostantivo
febbraio,sostantivo
febbre,sostantivo
felice,aggettivo
felicità,sostantivo
femmina,sostantivo
femminile,aggettivo
feria,sostantivo
ferire/si,verbo transitivo - verbo intransitivo pronominale
ferita,sostantivo
fermare/si,verbo transitivo - verbo intransitivo pronominale
fermata,sostantivo
fermo,aggettivo
ferro,sostantivo
festa,sostantivo
festeggiare,verbo transitivo
fetta,sostantivo
fiammifero,sostantivo
fiction,sostantivo
fidanzato/a,sostantivo
figlio/a,sostantivo
film,sostantivo
finale,aggettivo
finalmente,avverbio
fine,sostantivo
finestra,sostantivo
finire,verbo transitivo - verbo intransitivo
fino,preposizione
fiore,sostantivo
firma,sostantivo
firmare,verbo transitivo
fiume,sostantivo
foglio,sostantivo
fontana,sostantivo
forchetta,sostantivo
forma,sostantivo
formaggio,sostantivo
fornello,sostantivo
forno,sostantivo
forse,avverbio
forte,aggettivo
fortuna,sostantivo
forza,s.f. - inter.
fotografia,sostantivo
fra,preposizione
francobollo,sostantivo
frase,sostantivo
fratello,sostantivo
freddo,sostantivo - aggettivo
freezer,sostantivo
freno,sostantivo
frequentare,verbo transitivo
fresco,aggettivo
fretta,sostantivo
friggere,verbo transitivo
frigorifero,sostantivo
fronte,sostantivo
frullatore,sostantivo
frutta,sostantivo
fulmine,sostantivo
fumare,verbo transitivo
fumetto,sostantivo
fumo,sostantivo
funzionare,verbo intransitivo
fuoco,sostantivo
fuori,avverbio - preposizione
futuro,sostantivo
gamba,sostantivo
gara,sostantivo
garage,sostantivo
gas,sostantivo
gatto,sostantivo
gelato,sostantivo - aggettivo
generalmente,avverbio
genere,sostantivo
genero,sostantivo
generoso,aggettivo
genitore,sostantivo
gennaio,sostantivo
gente,sostantivo
gentile,aggettivo
geografia,sostantivo
ghiaccio,sostantivo
già,avverbio
giacca,sostantivo
giallo,aggettivo
giardinaggio,sostantivo
giardino,sostantivo
ginnastica,sostantivo
giocare,verbo intransitivo
giocatore/trice,sostantivo
giocattolo,sostantivo
gioco,sostantivo
gioia,sostantivo
giornale,sostantivo
giornalista,sostantivo
giornata,sostantivo
giorno,sostantivo
giovane,aggettivo
giovedì,sostantivo
girare,verbo intransitivo
giro,sostantivo
gita,sostantivo
giù,avverbio
giugno,sostantivo
giusto,aggettivo
gli,art. - pron.
gonna,sostantivo
grado,sostantivo
grammo,sostantivo
grande,aggettivo
grasso,aggettivo
gratis,avverbio
grazie,interiezione
grigio,aggettivo
grosso,aggettivo
gruppo,sostantivo
guadagnare,verbo transitivo
guanto,sostantivo
guardare,verbo transitivo
guarire,verbo intransitivo
guasto,aggettivo - sostantivo
guida,sostantivo
guidare,verbo transitivo
gusto,sostantivo
hobby,sostantivo
hotel,sostantivo
i,articolo
idea,sostantivo
identità,sostantivo
idraulico,sostantivo
ieri,avverbio
il,articolo
immaginare,verbo transitivo
imparare,verbo transitivo
impaziente,aggettivo
impegnare,verbo transitivo
impegno,sostantivo
impermeabile,sostantivo
impianto,sostantivo
impiegato/a,sostantivo
importante,aggettivo
importare,verbo intransitivo
impossibile,aggettivo
improbabile,aggettivo
improvvisamente,avverbio
improvviso,aggettivo
in,preposizione
incendio,sostantivo
incidente,sostantivo
incominciare,verbo transitivo
incontrare/si,v.t.  - v. rifl. recip.
incredibile,aggettivo
incrocio,sostantivo
incubo,sostantivo
indietro,avverbio
indifferente,aggettivo
indimenticabile,aggettivo
indirizzo,sostantivo
indossare,verbo transitivo
industria,sostantivo
infatti,congiunzione
infermiere/a,sostantivo
infine,avverbio
informare,verbo transitivo
informazione,sostantivo
ingegnere,sostantivo
iniziare,verbo transitivo - verbo intransitivo
inizio,sostantivo
innamorarsi,verbo intransitivo pronominale
inoltre,avverbio
insalata,sostantivo
insegnante,sostantivo
insegnare,verbo transitivo
insieme,avverbio
insipido,aggettivo
insomma,avverbio
intelligente,aggettivo
interessante,aggettivo
interessarsi,verbo intransitivo pronominale
internazionale,aggettivo
internet,sostantivo
intorno,avverbio
introverso,aggettivo
inutile,aggettivo
invece,congiunzione
inventare,verbo transitivo
inverno,sostantivo
inviare,verbo transitivo
invitare,verbo transitivo
io,pronome
isola,sostantivo
istituto,sostantivo
italiano,sostantivo
la,art. - pron.
là,avverbio
ladro/a,sostantivo
lago,sostantivo
lampada,sostantivo
lana,sostantivo
largo,aggettivo
lasciare,verbo transitivo
latte,sostantivo
laurea,sostantivo
laurearsi,verbo intransitivo pronominale
lavagna,sostantivo
lavanderia,sostantivo
lavandino,sostantivo
lavare/si,v.t. - v.rif.
lavastoviglie,sostantivo
lavatrice,sostantivo
lavorare,verbo intransitivo
lavoro,sostantivo
le,art. - pron.
leggere,verbo transitivo
leggero,aggettivo
legno,sostantivo
lei,pronome
lentamente,avverbio
lento,aggettivo
lenzuolo,sostantivo
leone,sostantivo
lettera,sostantivo
letto,sostantivo
lezione,sostantivo
li,pronome
lì,avverbio
libero,aggettivo
libreria,sostantivo
libro,sostantivo
liceo,sostantivo
linea,sostantivo
lingua,sostantivo
liquido,aggettivo
lirica,aggettivo - sostantivo
liscio,aggettivo
litro,sostantivo
livello,sostantivo
lo,art. - pron.
locale,sostantivo
lontano,aggettivo - avverbio
loro,pronome - aggettivo
lotto,sostantivo
luce,sostantivo
luglio,sostantivo
lui,pronome
luna,sostantivo
lunedì,sostantivo
lungo,aggettivo
luogo,sostantivo
lupo,sostantivo
ma,congiunzione
macchina,sostantivo
madre,sostantivo
maestro/a,sostantivo
maggio,sostantivo
maggiore,aggettivo
maglietta,sostantivo
maglione,sostantivo
magnifico,aggettivo
magro,aggettivo
mai,avverbio
maiale,sostantivo
malato,aggettivo
malattia,sostantivo
male,avverbio
mamma,sostantivo
mancare,verbo intransitivo
mancia,sostantivo
mandare,verbo transitivo
mangiare,verbo transitivo
manica,sostantivo
mano,sostantivo
marca,sostantivo
marciapiede,sostantivo
mare,sostantivo
marito,sostantivo
marrone,aggettivo
martedì,sostantivo
marzo,sostantivo
maschile,aggettivo
maschio,sostantivo
master,sostantivo
massimo,aggettivo
matematica,sostantivo
materia,sostantivo
matita,sostantivo
matrimonio,sostantivo
mattina,sostantivo
me,pronome
meccanico,sostantivo
medicina,sostantivo
medico,sostantivo
medio,aggettivo
meglio,avv. – agg.
mela,sostantivo
meno,avverbio
mensa,sostantivo
mensile,sostantivo
mensola,sostantivo
mentre,congiunzione
menù,sostantivo
meraviglioso,aggettivo
mercato,sostantivo
mercoledì,sostantivo
merenda,sostantivo
mese,sostantivo
messaggio,sostantivo
metà,sostantivo
metallo,sostantivo
metro,sostantivo
metropoli,sostantivo
metro(politana),sostantivo
mettere/si,v.t. – v.t.pron.
mezzanotte,sostantivo
mezzo,aggettivo
mezzogiorno,sostantivo
mi,pronome
migliorare,verbo transitivo - verbo intransitivo
migliore,aggettivo
minestra,sostantivo
minimo,aggettivo
minore,aggettivo
minuto,sostantivo
mio,agg. - pron.
mite,aggettivo
mobile,sostantivo
moda,sostantivo
moderno,aggettivo
modo,sostantivo
modulo,sostantivo
moglie,sostantivo
molto,aggettivo - avverbio
momento,sostantivo
mondo,sostantivo
moneta,sostantivo
monolocale,sostantivo
montagna,sostantivo
monumento,sostantivo
morire,verbo intransitivo
morte,sostantivo
mostra,sostantivo
motivo,sostantivo
moto(cicletta),sostantivo
motore,sostantivo
motorino,sostantivo
mucca,sostantivo
muovere/si,verbo transitivo - verbo riflessivo
muro,sostantivo
museo,sostantivo
musica,sostantivo
musicale,aggettivo
nascere,verbo intransitivo
nascondere,verbo transitivo
naso,sostantivo
Natale,sostantivo
natura,sostantivo
naturale,aggettivo
nave,sostantivo
navigare,verbo intransitivo
nazionalità,sostantivo
nazione,sostantivo
ne,particella pronominale
né,congiunzione
neanche,avv - cong.
nebbia,sostantivo
necessario,aggettivo
negativo,aggettivo
negozio,sostantivo
nero,aggettivo
nervoso,aggettivo
nessuno,pronome - aggettivo
neve,sostantivo
nevicare,verbo intransitivo
niente,pron. - avv.
nipote,sostantivo
no,avverbio
noi,pronome
noioso,aggettivo
noleggiare,verbo transitivo
nome,sostantivo
non,avverbio
nonno/a,sostantivo
nord,sostantivo
normale,aggettivo
nostalgia,sostantivo
nostro,agg. – pron.
notizia,sostantivo
notte,sostantivo
novembre,sostantivo
novità,sostantivo
numero,sostantivo
nuora,sostantivo
nuotare,verbo intransitivo
nuoto,sostantivo
nuovo,aggettivo
nuvola,sostantivo
nuvoloso,aggettivo
o,congiunzione
obbligatorio,aggettivo
occasione,sostantivo
occhiale,sostantivo
occhio,sostantivo
occupare/si,verbo transitivo - verbo intransitivo pronominale
odiare,verbo transitivo
odio,sostantivo
odore,sostantivo
offerta,sostantivo
offrire,verbo transitivo
oggetto,sostantivo
oggi,avverbio
ogni,aggettivo
ok,interiezione
olio,sostantivo
ombrello,sostantivo
onesto,aggettivo
opera,sostantivo
operaio/a,sostantivo
opinione,sostantivo
oppure,congiunzione
ora,sostantivo - avverbio
orario,sostantivo
ordinare,verbo transitivo
ordine,sostantivo
orecchio,sostantivo
organizzare,verbo transitivo
oro,sostantivo
orologio,sostantivo
orribile,aggettivo
ospedale,sostantivo
ospitalità,sostantivo
ospite,sostantivo
osservare,verbo transitivo
ottimista,aggettivo
ottimo,aggettivo
ottobre,sostantivo
ovale,aggettivo
ovest,sostantivo
pacco,sostantivo
padella,sostantivo
padre,sostantivo
padrone/a,sostantivo
paese,sostantivo
pagare,verbo transitivo
pagina,sostantivo
paio,sostantivo
palazzo,sostantivo
palestra,sostantivo
palla,sostantivo
pallacanestro,sostantivo
pane,sostantivo
panino,sostantivo
pantalone,sostantivo
papà,sostantivo
parcheggio,sostantivo
parco,sostantivo
parente,sostantivo
parere,sostantivo
parete,sostantivo
parlare,verbo transitivo - verbo intransitivo
parola,sostantivo
parte,sostantivo
partecipare,verbo intransitivo
partenza,sostantivo
particolarmente,avverbio
partire,verbo intransitivo
partita,sostantivo
Pasqua,sostantivo
passaggio,sostantivo
passaporto,sostantivo
passare,verbo transitivo
passato,sostantivo
passeggiare,verbo intransitivo
passeggiata,sostantivo
passione,sostantivo
pasta,sostantivo
pasto,sostantivo
patata,sostantivo
patente,sostantivo
paura,sostantivo
pausa,sostantivo
pavimento,sostantivo
pazienza,sostantivo
peccato,sostantivo
pediatra,sostantivo
pedonale,aggettivo
peggio,avverbio - aggettivo
peggiorare,verbo transitivo
peggiore,aggettivo
pelle,sostantivo
penna,sostantivo
pensare,verbo intransitivo
pensione,sostantivo
pentola,sostantivo
pepe,sostantivo
per,preposizione
pera,sostantivo
perché,avv. - cong.
perciò,congiunzione
perdere,verbo transitivo
perfetto,aggettivo
periferia,sostantivo
periodo,sostantivo
permesso,sostantivo
però,congiunzione
persona,sostantivo
pesante,aggettivo
pesare,verbo transitivo
pescare,verbo transitivo
pesce,sostantivo
pessimista,aggettivo
pessimo,aggettivo
pettine,sostantivo
pezzo,sostantivo
phon,sostantivo
piacere,v.int. - s.m.
piacevole,aggettivo
piangere,verbo intransitivo
piano,avv. - s.m.
pianta,sostantivo
piatto,sostantivo
piazza,sostantivo
piccante,aggettivo
piccolo,aggettivo
piede,sostantivo
piegare/si,v.t. - v. rifl.
pieno,aggettivo - sostantivo
pigro,aggettivo
pillola,sostantivo
pioggia,sostantivo
piovere,verbo intransitivo
pipa,sostantivo
piscina,sostantivo
pisello,sostantivo
pittore/trice,sostantivo
pittura,sostantivo
più,avverbio
piuttosto,avverbio
pizza,sostantivo
pizzeria,sostantivo
pizzico,sostantivo
plastica,sostantivo
plurale,aggettivo - sostantivo
poco,po'
poesia,sostantivo
poeta/essa,sostantivo
poi,avverbio
polizia,sostantivo
pollo,sostantivo
poltrona,sostantivo
pomeriggio,sostantivo
pomodoro,sostantivo
pompiere,sostantivo
ponte,sostantivo
pop,sostantivo - aggettivo
porta,sostantivo
portare,verbo transitivo
porto,sostantivo
posacenere,sostantivo
posata,sostantivo
positivo,aggettivo
possibile,aggettivo
possibilità,sostantivo
posta,sostantivo
postino,sostantivo
posto,sostantivo
potere,verbo intransitivo
povero,aggettivo
pranzare,verbo intransitivo
pranzo,sostantivo
praticamente,avverbio
pratico,aggettivo
prato,sostantivo
precedente,aggettivo
preferire,verbo transitivo
prefisso,sostantivo
pregare,verbo transitivo
prego,interiezione
premere,verbo transitivo
prendere,verbo transitivo
prenotare,verbo transitivo
preoccuparsi,verbo intransitivo pronominale
preparare,verbo transitivo
preposizione,sostantivo
presentare,verbo transitivo
preside,sostantivo
prestare,verbo transitivo
presto,avverbio
previsione,sostantivo
prezzemolo,sostantivo
prezzo,sostantivo
prima,avverbio
primavera,sostantivo
primo,aggettivo - sostantivo
probabile,aggettivo
probabilmente,avverbio
problema,sostantivo
prodotto,sostantivo
professore/ssa,sostantivo
profondo,aggettivo
profumo,sostantivo
programma,sostantivo
promettere,verbo transitivo
promuovere,verbo transitivo
pronome,sostantivo
pronto,aggettivo
pronuncia,sostantivo
proporre,verbo transitivo
proprio,avverbio
prosciutto,sostantivo
prossimo,aggettivo
protagonista,sostantivo
provare,verbo transitivo
pubblicità,sostantivo
pulire,verbo transitivo
pulizia,sostantivo
punto,sostantivo
pure,congiunzione
purtroppo,avverbio
qua,avverbio
quaderno,sostantivo
quadrato,aggettivo
quadro,sostantivo - aggettivo
qualche,aggettivo
qualcosa,pronome
qualcuno,pronome
quale,pronome - aggettivo
qualsiasi,pronome - aggettivo
quando,cong. - avv.
quanto,agg. - pron - avv.
quartiere,sostantivo
quarto,sostantivo
quasi,avverbio
quello,agg. - pron.
questo,agg. - pron.
questura,sostantivo
qui,avverbio
quindi,avv. - cong.
quotidiano,sostantivo
racchetta,sostantivo
raccogliere,verbo transitivo
raccomandata,sostantivo
raccontare,verbo transitivo
radio,sostantivo
raffreddore,sostantivo
ragazzo/a,sostantivo
ragione,sostantivo
raramente,avverbio
regalare,verbo transitivo
regalo,sostantivo
regista,sostantivo
rendere,verbo transitivo
reparto,sostantivo
restare,verbo intransitivo
restituire,verbo transitivo
resto,sostantivo
rettangolare,aggettivo
rettore,sostantivo
riassumere,verbo transitivo
riccio,aggettivo
ricco,aggettivo
ricetta,sostantivo
ricevere,verbo transitivo
ricordare/si,v.t. - v.t. pron. -v.int.  pron.
ricordo,sostantivo
ridere,verbo intransitivo
rilassarsi,verbo riflessivo
rimanere,verbo intransitivo
ringraziare,verbo transitivo
riparare,verbo transitivo
ripetere,verbo transitivo
riposare/si,verbo intransitivo - verbo intransitivo pronominale
riscaldamento,sostantivo
riso,sostantivo
rispondere,verbo intransitivo
risposta,sostantivo
ristorante,sostantivo
risultato,sostantivo
ritardo,sostantivo
ritirare,verbo transitivo
ritornare,verbo intransitivo
ritrovare,verbo transitivo
riuscire,verbo intransitivo
rivista,sostantivo
rock,sostantivo
romantico,aggettivo
romanzo,sostantivo
rompere/si,verbo transitivo - verbo transitivo pronominale
rosa,aggettivo
rosso,aggettivo
rotondo,aggettivo
roulotte,sostantivo
rubare,verbo transitivo
rumore,sostantivo
ruota,sostantivo
sabato,sostantivo
sacco,sostantivo
sala,sostantivo
salame,sostantivo
salato,aggettivo
saldo,sostantivo
sale,sostantivo
salire,verbo transitivo - verbo intransitivo
salita,sostantivo
salotto,sostantivo
salsa,sostantivo
saltare,verbo transitivo - verbo intransitivo
salutare,verbo transitivo
salute,s.f. - inter.
saluto,sostantivo
salve,interiezione
sandalo,sostantivo
sano,aggettivo
sapere,verbo transitivo
sapone,sostantivo
sapore,sostantivo
sbagliare/si,v.t. - v.int. - v.int. pron.
sbaglio,sostantivo
sbucciare,verbo transitivo
scaffale,sostantivo
scala,sostantivo
scaricare,verbo transitivo
scarpa,sostantivo
scegliere,verbo transitivo
scendere,verbo transitivo - verbo intransitivo
schiera,sostantivo
schifo,sostantivo
sci,sostantivo
sciare,verbo intransitivo
scienza,sostantivo
sciopero,sostantivo
sciroppo,sostantivo
scomodo,aggettivo
sconto,sostantivo
scontrino,sostantivo
scoprire,verbo transitivo
scorso,aggettivo
scrittore/trice,sostantivo
scrivania,sostantivo
scrivere,verbo transitivo
scultore/trice,sostantivo
scultura,sostantivo
scuola,sostantivo
scuro,aggettivo
scusare,verbo transitivo
sdraiare/si,v. t. - v. rifl.
se,congiunzione
secco,aggettivo
secolo,sostantivo
secondo,s.m. - prep.  - agg.
sedersi,verbo intransitivo pronominale
sedia,sostantivo
segretario/a,sostantivo
segreteria,sostantivo
seguente,aggettivo
seguire,verbo transitivo
semaforo,sostantivo
sembrare,verbo intransitivo
semplice,aggettivo
sempre,avverbio
sennò,congiunzione
sentire/si,v.t. – v.rifl. recip.
senza,prep.- avv.
separare/si,v.t. – v.rifl. recip.
sera,sostantivo
serata,sostantivo
sereno,aggettivo
serio,aggettivo
servire,verbo intransitivo
seta,sostantivo
sete,sostantivo
settembre,sostantivo
settimana,sostantivo
settimanale,sostantivo
sfortuna,sostantivo
shampoo,sostantivo
si,pronome
sì,avverbio
sia,congiunzione
siccome,congiunzione
sicuramente,avverbio
sicuro,aggettivo
sigaretta,sostantivo
sigaro,sostantivo
significare,verbo transitivo
signore/a,sostantivo
silenzio,sostantivo
simile,aggettivo
simpatico,aggettivo
singolare,aggettivo
singolo,aggettivo
sinistra,sostantivo
sito,sostantivo
situazione,sostantivo
smettere,verbo transitivo
sms,sostantivo
soccorso,sostantivo
socievole,aggettivo
soffitto,sostantivo
soggetto,sostantivo
soggiorno,sostantivo
sognare,verbo transitivo
sogno,sostantivo
soldo,sostantivo
sole,sostantivo
solido,aggettivo
solito,aggettivo
solo,aggettivo - avverbio
soltanto,avverbio
sonno,sostantivo
sopra,prep. - avv.
soprattutto,avverbio
sorella,sostantivo
sorpresa,sostantivo
sorridere,verbo intransitivo
sottile,aggettivo
sotto,prep. - avv.
spaghetto,sostantivo
spaventare,verbo transitivo
spaventoso,aggettivo
spazzolino,sostantivo
specchio,sostantivo
speciale,aggettivo
specialmente,avverbio
spedire,verbo transitivo
spegnere,verbo transitivo
spendere,verbo transitivo
sperare,verbo intransitivo
spesa,sostantivo
spesso,avverbio - aggettivo
spettabile,aggettivo
spettacolo,sostantivo
spiaggia,sostantivo
spicchio,sostantivo
spiegare,verbo transitivo
spingere,verbo transitivo
spogliarsi,verbo riflessivo
sporcare,verbo transitivo
sporco,aggettivo
sport,sostantivo
sportivo,aggettivo
sposare/si,v.t. – v.rifl.recip.
spostare,verbo transitivo
spuntino,sostantivo
squadra,sostantivo
stadio,sostantivo
stage,sostantivo
stamattina,avverbio
stampare,verbo transitivo
stanco,aggettivo
stanotte,avverbio
stanza,sostantivo
stare,verbo intransitivo
stasera,avverbio
stazione,sostantivo
stella,sostantivo
stendere/si,verbo transitivo - verbo riflessivo
stesso,aggettivo
stirare,verbo transitivo
stiro,sostantivo
stivale,sostantivo
stomaco,sostantivo
stop,sostantivo
storia,sostantivo
strada,sostantivo
straniero,aggettivo
strano,aggettivo
stress,sostantivo
stressare,verbo transitivo
stretto,aggettivo
studente/ssa,sostantivo
studiare,verbo transitivo
studio,sostantivo
su,prep. - avv.
subito,avverbio
succedere,verbo intransitivo
successo,sostantivo
sud,sostantivo
suo,agg. - pron.
suocero/a,sostantivo
suonare,verbo transitivo - verbo intransitivo
superare,verbo transitivo
supermercato,sostantivo
svegliarsi,verbo intransitivo pronominale
svolgere,verbo transitivo
tabaccaio,sostantivo
tagliare,verbo transitivo
talk-show,sostantivo
tanto,pronome - aggettivo
tappeto,sostantivo
tardi,avverbio
tasca,sostantivo
tavolo,sostantivo
taxi,sostantivo
tazza,sostantivo
te,pronome
tè,sostantivo
teatro,sostantivo
tecnico,sostantivo
telefilm,sostantivo
telefonare,verbo intransitivo
telefonata,sostantivo
telefono,sostantivo
telegiornale,sostantivo
televisione,sostantivo
temperatura,sostantivo
tempo,sostantivo
temporale,sostantivo
tenda,sostantivo
tenere,verbo transitivo
tenero,aggettivo
tennis,sostantivo
terminare,verbo transitivo
termometro,sostantivo
termosifone,sostantivo
terra,sostantivo
terrazza,sostantivo
terribile,aggettivo
testa,sostantivo
tetto,sostantivo
ti,pronome
tiepido,aggettivo
tigre,sostantivo
timido,aggettivo
tipo,sostantivo
tirare,verbo transitivo
titolo,sostantivo
toccare,verbo transitivo
togliere,verbo transitivo
tombola,sostantivo
tornare,verbo intransitivo
torre,sostantivo
torta,sostantivo
tortellino,sostantivo
tosse,sostantivo
tostapane,sostantivo
totale,sostantivo
tovaglia,sostantivo
tovagliolo,sostantivo
tra,preposizione
tradurre,verbo transitivo
traffico,sostantivo
tragedia,sostantivo
tramonto,sostantivo
tranquillo,aggettivo
trascorrere,verbo transitivo
trasferirsi,verbo intransitivo pronominale
traslocare,verbo intransitivo
trasloco,sostantivo
trasmissione,sostantivo
trasparente,aggettivo
trasportare,verbo transitivo
treno,sostantivo
triste,aggettivo
troppo,aggettivo - avverbio
trovare/si,v.t.  - v.int. pron.
tu,pronome
tuo,agg. - pron.
tuono,sostantivo
turista,sostantivo
tuttavia,congiunzione
tutto,aggettivo
tv,sostantivo
ubriacarsi,verbo intransitivo pronominale
ubriaco,aggettivo
uccello,sostantivo
ufficio,sostantivo
uguale,aggettivo
ulteriore,aggettivo
ultimo,aggettivo
umido,aggettivo
umore,sostantivo
un/o/a,articolo
unico,aggettivo
università,sostantivo
uomo,sostantivo
uovo,sostantivo
usare,verbo transitivo
uscire,verbo intransitivo
uscita,sostantivo
utile,aggettivo
utilizzare,verbo transitivo
vacanza,sostantivo
vaglia,sostantivo
vagone,sostantivo
valigia,sostantivo
variabile,aggettivo
vasca,sostantivo
vaso,sostantivo
vecchio,aggettivo
vedere/si,v.t. – v.rifl. recip.
vedovo,aggettivo
veloce,aggettivo
velocemente,avverbio
vendere,verbo transitivo
venerdì,sostantivo
venire,verbo intransitivo
vento,sostantivo
veramente,avverbio
verbo,sostantivo
verde,aggettivo
verdura,sostantivo
vero,aggettivo
versare,verbo transitivo
verso,preposizione
vestirsi,verbo riflessivo
vestito,sostantivo
vetrina,sostantivo
vetro,sostantivo
vi,pronome
via,s.f.– avv.
viaggiare,verbo intransitivo
viaggio,sostantivo
vicino,avverbio
vietare,verbo transitivo
vigile/ssa,sostantivo
villa,sostantivo
villaggio,sostantivo
vincere,verbo transitivo - verbo intransitivo
vino,sostantivo
viola,aggettivo
virgola,sostantivo
visitare,verbo transitivo
visto,sostantivo
vita,sostantivo
vivere,verbo intransitivo
vivo,aggettivo
voce,sostantivo
voglia,sostantivo
voi,pronome
volare,verbo intransitivo
volentieri,avverbio
volere,verbo intransitivo
volta,sostantivo
vostro,agg. - pron.
vuoto,aggettivo
water,sostantivo
zaino,sostantivo
zio/a,sostantivo
zucchero,sostantivo
